step,time,pos_x,pos_y,pos_z,vel_x,vel_y,vel_z,altitude,vertical_vel,metric_model,ship_type,c,k,phi,phase_error,lock_quality,omega_drive,omega_0,drive_power,energy,metric_g00,metric_det,metric_signature_valid,christoffel_norm,invariant_error,coordinate_time,proper_time,beta_x,beta_y,beta_z,lapse_alpha,drive_authority,drive_phase_rad,drive_frequency_hz,drive_omega_rad_s,drive_coherence,drive_lock_quality,mode_count,bubble_radius,wall_thickness,einstein_tensor_norm,stress_energy_density,instantaneous_stress_energy_density,cycle_avg_stress_energy_density,cockpit_curvature_norm,bubble_wall_curvature_norm,cockpit_tidal_stress,bubble_wall_tidal_stress,phase_cancellation_score,phase_confinement_score,negative_energy_flag,nec_violation_flag,negative_energy_instant,negative_energy_cycle_avg,nec_violation_instant,nec_violation_cycle_avg,curvature_scalar,geodesic_accel_diagnostic_x,geodesic_accel_diagnostic_y,geodesic_accel_diagnostic_z,metric_derivative_step_m,craft_rest_energy_j,craft_coordinate_energy_j,craft_kinetic_energy_j,craft_energy_delta_j,conserved_energy_j,conserved_energy_error_j,drive_energy_available_j,drive_energy_spent_j,drive_power_w,drive_power_requested_w,drive_power_actual_w,requested_drive_authority,actual_drive_authority,estimated_metric_energy_j,estimated_field_energy_delta_j,estimated_positive_energy_j,estimated_negative_energy_j,estimated_stress_energy_cost_j,positive_energy_j,negative_energy_j,net_stress_energy_j,absolute_stress_energy_j,unfunded_energy_debt_j,conservation_error_j,conservation_error_ratio,stress_energy_conservation_residual,stress_energy_conservation_valid,power_clamped,metric_unfunded,metric_valid,power_source_type,resonator_substrate_type,exotic_stress_source_type,source_available_energy_j,source_max_power_w,usable_power_w,conversion_efficiency,waste_heat_w,radiation_loss_w,source_mass_kg,depletion_rate,stability_risk,physical_plausibility_rating,resonator_coherence_multiplier,resonator_phase_stability,resonator_coupling_efficiency,resonator_max_safe_authority,moscovium_metastable,moscovium_stabilization_required,exotic_negative_energy_capacity_j,exotic_stress_shaping_authority
0,0,0.2,0,0,9.999999999999998,0,0,-0.8,9.999999999999996,minkowski,saucer,0,0,0,0,0,80,80,0,0,-1,-1,1,0,-16,0.02,0.01999999999999999,0,0,0,1,0,0,0,0,0,0,0,0,0,0,0,0,0,0,0,0,0,0,0,0,0,0,0,0,0,0,-8.881784197001252e-14,0,0,0.1,1.078506214484181e+20,1.078506214484182e+20,71842.94589129933,0,1.078506214484182e+20,0,0,0,0,0,0,0,0,0,0,0,0,0,0,0,0,0,0,0,0,0,1,0,0,1,,,,0,0,0,1,0,0,0,0,0,0,1,1,1,1,0,0,0,0
1,0.02,0.3999999999999997,0,0,9.999999999999998,0,0,-0.6000000000000003,9.999999999999998,minkowski,saucer,0,0,0,0,0,80,80,0,0,-1,-1,1,0,-16,0.04,0.03999999999999997,0,0,0,1,0,0,0,0,0,0,0,0,0,0,0,0,0,0,0,0,0,0,0,0,0,0,0,0,0,0,0,0,0,0.1,1.078506214484181e+20,1.078506214484182e+20,71842.94589129933,0,1.078506214484182e+20,0,0,0,0,0,0,0,0,0,0,0,0,0,0,0,0,0,0,0,0,0,1,0,0,1,,,,0,0,0,1,0,0,0,0,0,0,1,1,1,1,0,0,0,0
2,0.04,0.5999999999999995,0,0,9.999999999999998,0,0,-0.4000000000000005,9.999999999999998,minkowski,saucer,0,0,0,0,0,80,80,0,0,-1,-1,1,0,-16,0.06,0.05999999999999994,0,0,0,1,0,0,0,0,0,0,0,0,0,0,0,0,0,0,0,0,0,0,0,0,0,0,0,0,0,0,0,0,0,0.1,1.078506214484181e+20,1.078506214484182e+20,71842.94589129933,0,1.078506214484182e+20,0,0,0,0,0,0,0,0,0,0,0,0,0,0,0,0,0,0,0,0,0,1,0,0,1,,,,0,0,0,1,0,0,0,0,0,0,1,1,1,1,0,0,0,0
3,0.06,0.7999999999999994,0,0,9.999999999999998,0,0,-0.2000000000000006,9.999999999999996,minkowski,saucer,0,0,0,0,0,80,80,0,0,-1,-1,1,0,-16,0.08,0.07999999999999992,0,0,0,1,0,0,0,0,0,0,0,0,0,0,0,0,0,0,0,0,0,0,0,0,0,0,0,0,0,0,0,0,0,0.1,1.078506214484181e+20,1.078506214484182e+20,71842.94589129933,0,1.078506214484182e+20,0,0,0,0,0,0,0,0,0,0,0,0,0,0,0,0,0,0,0,0,0,1,0,0,1,,,,0,0,0,1,0,0,0,0,0,0,1,1,1,1,0,0,0,0
4,0.08,0.9999999999999992,0,0,9.999999999999998,0,0,-7.771561172376096e-16,9.999999999999998,minkowski,saucer,0,0,0,0,0,80,80,0,0,-1,-1,1,0,-16,0.1,0.09999999999999989,0,0,0,1,0,0,0,0,0,0,0,0,0,0,0,0,0,0,0,0,0,0,0,0,0,0,0,0,0,0,0,0,0,0.1,1.078506214484181e+20,1.078506214484182e+20,71842.94589129933,0,1.078506214484182e+20,0,0,0,0,0,0,0,0,0,0,0,0,0,0,0,0,0,0,0,0,0,1,0,0,1,,,,0,0,0,1,0,0,0,0,0,0,1,1,1,1,0,0,0,0
5,0.1,1.2,0,0,9.999999999999998,0,0,0.2,9.999999999999998,minkowski,saucer,0,0,0,0,0,80,80,0,0,-1,-1,1,0,-16,0.12,0.12,0,0,0,1,0,0,0,0,0,0,0,0,0,0,0,0,0,0,0,0,0,0,0,0,0,0,0,0,0,0,0,0,0,0.1,1.078506214484181e+20,1.078506214484182e+20,71842.94589129933,0,1.078506214484182e+20,0,0,0,0,0,0,0,0,0,0,0,0,0,0,0,0,0,0,0,0,0,1,0,0,1,,,,0,0,0,1,0,0,0,0,0,0,1,1,1,1,0,0,0,0
6,0.12,1.400000000000002,0,0,9.999999999999998,0,0,0.4000000000000024,9.999999999999998,minkowski,saucer,0,0,0,0,0,80,80,0,0,-1,-1,1,0,-16,0.14,0.1400000000000002,0,0,0,1,0,0,0,0,0,0,0,0,0,0,0,0,0,0,0,0,0,0,0,0,0,0,0,0,0,0,0,0,0,0.1,1.078506214484181e+20,1.078506214484182e+20,71842.94589129933,0,1.078506214484182e+20,0,0,0,0,0,0,0,0,0,0,0,0,0,0,0,0,0,0,0,0,0,1,0,0,1,,,,0,0,0,1,0,0,0,0,0,0,1,1,1,1,0,0,0,0
7,0.14,1.600000000000005,0,0,9.999999999999998,0,0,0.6000000000000045,9.999999999999998,minkowski,saucer,0,0,0,0,0,80,80,0,0,-1,-1,1,0,-16,0.16,0.1600000000000004,0,0,0,1,0,0,0,0,0,0,0,0,0,0,0,0,0,0,0,0,0,0,0,0,0,0,0,0,0,0,0,0,0,0.1,1.078506214484181e+20,1.078506214484182e+20,71842.94589129933,0,1.078506214484182e+20,0,0,0,0,0,0,0,0,0,0,0,0,0,0,0,0,0,0,0,0,0,1,0,0,1,,,,0,0,0,1,0,0,0,0,0,0,1,1,1,1,0,0,0,0
8,0.16,1.800000000000007,0,0,9.999999999999998,0,0,0.8000000000000067,9.999999999999998,minkowski,saucer,0,0,0,0,0,80,80,0,0,-1,-1,1,0,-16,0.18,0.1800000000000006,0,0,0,1,0,0,0,0,0,0,0,0,0,0,0,0,0,0,0,0,0,0,0,0,0,0,0,0,0,0,0,0,0,0.1,1.078506214484181e+20,1.078506214484182e+20,71842.94589129933,0,1.078506214484182e+20,0,0,0,0,0,0,0,0,0,0,0,0,0,0,0,0,0,0,0,0,0,1,0,0,1,,,,0,0,0,1,0,0,0,0,0,0,1,1,1,1,0,0,0,0
9,0.18,2.000000000000008,0,0,9.999999999999998,0,0,1.000000000000008,9.999999999999998,minkowski,saucer,0,0,0,0,0,80,80,0,0,-1,-1,1,0,-16,0.2,0.2000000000000008,0,0,0,1,0,0,0,0,0,0,0,0,0,0,0,0,0,0,0,0,0,0,0,0,0,0,0,0,0,0,0,0,0,0.1,1.078506214484181e+20,1.078506214484182e+20,71842.94589129933,0,1.078506214484182e+20,0,0,0,0,0,0,0,0,0,0,0,0,0,0,0,0,0,0,0,0,0,1,0,0,1,,,,0,0,0,1,0,0,0,0,0,0,1,1,1,1,0,0,0,0
10,0.2,2.200000000000006,0,0,9.999999999999998,0,0,1.200000000000006,9.999999999999998,minkowski,saucer,0,0,0,0,0,80,80,0,0,-1,-1,1,0,-16,0.22,0.2200000000000011,0,0,0,1,0,0,0,0,0,0,0,0,0,0,0,0,0,0,0,0,0,0,0,0,0,0,0,0,0,0,0,0,0,0.1,1.078506214484181e+20,1.078506214484182e+20,71842.94589129933,0,1.078506214484182e+20,0,0,0,0,0,0,0,0,0,0,0,0,0,0,0,0,0,0,0,0,0,1,0,0,1,,,,0,0,0,1,0,0,0,0,0,0,1,1,1,1,0,0,0,0
11,0.22,2.4,0,0,9.999999999999998,0,0,1.4,9.999999999999998,minkowski,saucer,0,0,0,0,0,80,80,0,0,-1,-1,1,0,-16,0.24,0.2400000000000009,0,0,0,1,0,0,0,0,0,0,0,0,0,0,0,0,0,0,0,0,0,0,0,0,0,0,0,0,0,0,0,0,0,0.1,1.078506214484181e+20,1.078506214484182e+20,71842.94589129933,0,1.078506214484182e+20,0,0,0,0,0,0,0,0,0,0,0,0,0,0,0,0,0,0,0,0,0,1,0,0,1,,,,0,0,0,1,0,0,0,0,0,0,1,1,1,1,0,0,0,0
12,0.24,2.599999999999993,0,0,9.999999999999998,0,0,1.599999999999993,9.999999999999998,minkowski,saucer,0,0,0,0,0,80,80,0,0,-1,-1,1,0,-16,0.26,0.2600000000000006,0,0,0,1,0,0,0,0,0,0,0,0,0,0,0,0,0,0,0,0,0,0,0,0,0,0,0,0,0,0,0,0,0,0.1,1.078506214484181e+20,1.078506214484182e+20,71842.94589129933,0,1.078506214484182e+20,0,0,0,0,0,0,0,0,0,0,0,0,0,0,0,0,0,0,0,0,0,1,0,0,1,,,,0,0,0,1,0,0,0,0,0,0,1,1,1,1,0,0,0,0
13,0.26,2.799999999999986,0,0,9.999999999999998,0,0,1.799999999999986,9.999999999999998,minkowski,saucer,0,0,0,0,0,80,80,0,0,-1,-1,1,0,-16,0.2799999999999999,0.2800000000000004,0,0,0,1,0,0,0,0,0,0,0,0,0,0,0,0,0,0,0,0,0,0,0,0,0,0,0,0,0,0,0,0,0,0.1,1.078506214484181e+20,1.078506214484182e+20,71842.94589129933,0,1.078506214484182e+20,0,0,0,0,0,0,0,0,0,0,0,0,0,0,0,0,0,0,0,0,0,1,0,0,1,,,,0,0,0,1,0,0,0,0,0,0,1,1,1,1,0,0,0,0
14,0.28,2.999999999999979,0,0,9.999999999999998,0,0,1.999999999999979,9.999999999999998,minkowski,saucer,0,0,0,0,0,80,80,0,0,-1,-1,1,0,-16,0.2999999999999999,0.3000000000000001,0,0,0,1,0,0,0,0,0,0,0,0,0,0,0,0,0,0,0,0,0,0,0,0,0,0,0,0,0,0,0,0,0,0.1,1.078506214484181e+20,1.078506214484182e+20,71842.94589129933,0,1.078506214484182e+20,0,0,0,0,0,0,0,0,0,0,0,0,0,0,0,0,0,0,0,0,0,1,0,0,1,,,,0,0,0,1,0,0,0,0,0,0,1,1,1,1,0,0,0,0
15,0.3,3.199999999999972,0,0,9.999999999999998,0,0,2.199999999999972,9.999999999999998,minkowski,saucer,0,0,0,0,0,80,80,0,0,-1,-1,1,0,-16,0.3199999999999999,0.3199999999999998,0,0,0,1,0,0,0,0,0,0,0,0,0,0,0,0,0,0,0,0,0,0,0,0,0,0,0,0,0,0,0,0,0,0.1,1.078506214484181e+20,1.078506214484182e+20,71842.94589129933,0,1.078506214484182e+20,0,0,0,0,0,0,0,0,0,0,0,0,0,0,0,0,0,0,0,0,0,1,0,0,1,,,,0,0,0,1,0,0,0,0,0,0,1,1,1,1,0,0,0,0
16,0.32,3.399999999999965,0,0,9.999999999999998,0,0,2.399999999999965,9.999999999999998,minkowski,saucer,0,0,0,0,0,80,80,0,0,-1,-1,1,0,-16,0.3399999999999999,0.3399999999999996,0,0,0,1,0,0,0,0,0,0,0,0,0,0,0,0,0,0,0,0,0,0,0,0,0,0,0,0,0,0,0,0,0,0.1,1.078506214484181e+20,1.078506214484182e+20,71842.94589129933,0,1.078506214484182e+20,0,0,0,0,0,0,0,0,0,0,0,0,0,0,0,0,0,0,0,0,0,1,0,0,1,,,,0,0,0,1,0,0,0,0,0,0,1,1,1,1,0,0,0,0
17,0.34,3.599999999999958,0,0,9.999999999999998,0,0,2.599999999999958,9.999999999999998,minkowski,saucer,0,0,0,0,0,80,80,0,0,-1,-1,1,0,-16,0.3599999999999999,0.3599999999999993,0,0,0,1,0,0,0,0,0,0,0,0,0,0,0,0,0,0,0,0,0,0,0,0,0,0,0,0,0,0,0,0,0,0.1,1.078506214484181e+20,1.078506214484182e+20,71842.94589129933,0,1.078506214484182e+20,0,0,0,0,0,0,0,0,0,0,0,0,0,0,0,0,0,0,0,0,0,1,0,0,1,,,,0,0,0,1,0,0,0,0,0,0,1,1,1,1,0,0,0,0
18,0.36,3.799999999999951,0,0,9.999999999999998,0,0,2.799999999999951,9.999999999999998,minkowski,saucer,0,0,0,0,0,80,80,0,0,-1,-1,1,0,-16,0.3799999999999999,0.3799999999999991,0,0,0,1,0,0,0,0,0,0,0,0,0,0,0,0,0,0,0,0,0,0,0,0,0,0,0,0,0,0,0,0,0,0.1,1.078506214484181e+20,1.078506214484182e+20,71842.94589129933,0,1.078506214484182e+20,0,0,0,0,0,0,0,0,0,0,0,0,0,0,0,0,0,0,0,0,0,1,0,0,1,,,,0,0,0,1,0,0,0,0,0,0,1,1,1,1,0,0,0,0
19,0.38,3.999999999999944,0,0,9.999999999999998,0,0,2.999999999999944,9.999999999999998,minkowski,saucer,0,0,0,0,0,80,80,0,0,-1,-1,1,0,-16,0.3999999999999999,0.3999999999999988,0,0,0,1,0,0,0,0,0,0,0,0,0,0,0,0,0,0,0,0,0,0,0,0,0,0,0,0,0,0,0,0,0,0.1,1.078506214484181e+20,1.078506214484182e+20,71842.94589129933,0,1.078506214484182e+20,0,0,0,0,0,0,0,0,0,0,0,0,0,0,0,0,0,0,0,0,0,1,0,0,1,,,,0,0,0,1,0,0,0,0,0,0,1,1,1,1,0,0,0,0
20,0.4,4.199999999999938,0,0,9.999999999999998,0,0,3.199999999999938,9.999999999999998,minkowski,saucer,0,0,0,0,0,80,80,0,0,-1,-1,1,0,-16,0.4199999999999999,0.4199999999999985,0,0,0,1,0,0,0,0,0,0,0,0,0,0,0,0,0,0,0,0,0,0,0,0,0,0,0,0,0,0,0,0,0,0.1,1.078506214484181e+20,1.078506214484182e+20,71842.94589129933,0,1.078506214484182e+20,0,0,0,0,0,0,0,0,0,0,0,0,0,0,0,0,0,0,0,0,0,1,0,0,1,,,,0,0,0,1,0,0,0,0,0,0,1,1,1,1,0,0,0,0
21,0.42,4.399999999999931,0,0,9.999999999999998,0,0,3.399999999999931,9.999999999999998,minkowski,saucer,0,0,0,0,0,80,80,0,0,-1,-1,1,0,-16,0.4399999999999998,0.4399999999999983,0,0,0,1,0,0,0,0,0,0,0,0,0,0,0,0,0,0,0,0,0,0,0,0,0,0,0,0,0,0,0,0,0,0.1,1.078506214484181e+20,1.078506214484182e+20,71842.94589129933,0,1.078506214484182e+20,0,0,0,0,0,0,0,0,0,0,0,0,0,0,0,0,0,0,0,0,0,1,0,0,1,,,,0,0,0,1,0,0,0,0,0,0,1,1,1,1,0,0,0,0
22,0.44,4.599999999999924,0,0,9.999999999999998,0,0,3.599999999999924,9.999999999999998,minkowski,saucer,0,0,0,0,0,80,80,0,0,-1,-1,1,0,-16,0.4599999999999998,0.459999999999998,0,0,0,1,0,0,0,0,0,0,0,0,0,0,0,0,0,0,0,0,0,0,0,0,0,0,0,0,0,0,0,0,0,0.1,1.078506214484181e+20,1.078506214484182e+20,71842.94589129933,0,1.078506214484182e+20,0,0,0,0,0,0,0,0,0,0,0,0,0,0,0,0,0,0,0,0,0,1,0,0,1,,,,0,0,0,1,0,0,0,0,0,0,1,1,1,1,0,0,0,0
23,0.46,4.799999999999917,0,0,9.999999999999998,0,0,3.799999999999917,9.999999999999998,minkowski,saucer,0,0,0,0,0,80,80,0,0,-1,-1,1,0,-16,0.4799999999999998,0.4799999999999978,0,0,0,1,0,0,0,0,0,0,0,0,0,0,0,0,0,0,0,0,0,0,0,0,0,0,0,0,0,0,0,0,0,0.1,1.078506214484181e+20,1.078506214484182e+20,71842.94589129933,0,1.078506214484182e+20,0,0,0,0,0,0,0,0,0,0,0,0,0,0,0,0,0,0,0,0,0,1,0,0,1,,,,0,0,0,1,0,0,0,0,0,0,1,1,1,1,0,0,0,0
24,0.48,4.99999999999991,0,0,9.999999999999998,0,0,3.99999999999991,9.999999999999998,minkowski,saucer,0,0,0,0,0,80,80,0,0,-1,-1,1,0,-16,0.4999999999999998,0.4999999999999975,0,0,0,1,0,0,0,0,0,0,0,0,0,0,0,0,0,0,0,0,0,0,0,0,0,0,0,0,0,0,0,0,0,0.1,1.078506214484181e+20,1.078506214484182e+20,71842.94589129933,0,1.078506214484182e+20,0,0,0,0,0,0,0,0,0,0,0,0,0,0,0,0,0,0,0,0,0,1,0,0,1,,,,0,0,0,1,0,0,0,0,0,0,1,1,1,1,0,0,0,0
25,0.5,5.199999999999903,0,0,9.999999999999998,0,0,4.199999999999903,9.999999999999998,minkowski,saucer,0,0,0,0,0,80,80,0,0,-1,-1,1,0,-16,0.5199999999999998,0.5199999999999972,0,0,0,1,0,0,0,0,0,0,0,0,0,0,0,0,0,0,0,0,0,0,0,0,0,0,0,0,0,0,0,0,0,0.1,1.078506214484181e+20,1.078506214484182e+20,71842.94589129933,0,1.078506214484182e+20,0,0,0,0,0,0,0,0,0,0,0,0,0,0,0,0,0,0,0,0,0,1,0,0,1,,,,0,0,0,1,0,0,0,0,0,0,1,1,1,1,0,0,0,0
26,0.52,5.399999999999896,0,0,9.999999999999998,0,0,4.399999999999896,9.999999999999998,minkowski,saucer,0,0,0,0,0,80,80,0,0,-1,-1,1,0,-16,0.5399999999999998,0.5399999999999969,0,0,0,1,0,0,0,0,0,0,0,0,0,0,0,0,0,0,0,0,0,0,0,0,0,0,0,0,0,0,0,0,0,0.1,1.078506214484181e+20,1.078506214484182e+20,71842.94589129933,0,1.078506214484182e+20,0,0,0,0,0,0,0,0,0,0,0,0,0,0,0,0,0,0,0,0,0,1,0,0,1,,,,0,0,0,1,0,0,0,0,0,0,1,1,1,1,0,0,0,0
27,0.54,5.59999999999989,0,0,9.999999999999998,0,0,4.59999999999989,9.999999999999998,minkowski,saucer,0,0,0,0,0,80,80,0,0,-1,-1,1,0,-16,0.5599999999999997,0.5599999999999966,0,0,0,1,0,0,0,0,0,0,0,0,0,0,0,0,0,0,0,0,0,0,0,0,0,0,0,0,0,0,0,0,0,0.1,1.078506214484181e+20,1.078506214484182e+20,71842.94589129933,0,1.078506214484182e+20,0,0,0,0,0,0,0,0,0,0,0,0,0,0,0,0,0,0,0,0,0,1,0,0,1,,,,0,0,0,1,0,0,0,0,0,0,1,1,1,1,0,0,0,0
28,0.5600000000000001,5.799999999999883,0,0,9.999999999999998,0,0,4.799999999999883,9.999999999999998,minkowski,saucer,0,0,0,0,0,80,80,0,0,-1,-1,1,0,-16,0.5799999999999997,0.5799999999999963,0,0,0,1,0,0,0,0,0,0,0,0,0,0,0,0,0,0,0,0,0,0,0,0,0,0,0,0,0,0,0,0,0,0.1,1.078506214484181e+20,1.078506214484182e+20,71842.94589129933,0,1.078506214484182e+20,0,0,0,0,0,0,0,0,0,0,0,0,0,0,0,0,0,0,0,0,0,1,0,0,1,,,,0,0,0,1,0,0,0,0,0,0,1,1,1,1,0,0,0,0
29,0.58,5.999999999999876,0,0,9.999999999999998,0,0,4.999999999999876,9.999999999999998,minkowski,saucer,0,0,0,0,0,80,80,0,0,-1,-1,1,0,-16,0.5999999999999998,0.599999999999996,0,0,0,1,0,0,0,0,0,0,0,0,0,0,0,0,0,0,0,0,0,0,0,0,0,0,0,0,0,0,0,0,0,0.1,1.078506214484181e+20,1.078506214484182e+20,71842.94589129933,0,1.078506214484182e+20,0,0,0,0,0,0,0,0,0,0,0,0,0,0,0,0,0,0,0,0,0,1,0,0,1,,,,0,0,0,1,0,0,0,0,0,0,1,1,1,1,0,0,0,0
30,0.6,6.199999999999869,0,0,9.999999999999998,0,0,5.199999999999869,9.999999999999998,minkowski,saucer,0,0,0,0,0,80,80,0,0,-1,-1,1,0,-16,0.6199999999999998,0.6199999999999957,0,0,0,1,0,0,0,0,0,0,0,0,0,0,0,0,0,0,0,0,0,0,0,0,0,0,0,0,0,0,0,0,0,0.1,1.078506214484181e+20,1.078506214484182e+20,71842.94589129933,0,1.078506214484182e+20,0,0,0,0,0,0,0,0,0,0,0,0,0,0,0,0,0,0,0,0,0,1,0,0,1,,,,0,0,0,1,0,0,0,0,0,0,1,1,1,1,0,0,0,0
31,0.62,6.399999999999862,0,0,9.999999999999998,0,0,5.399999999999862,9.999999999999998,minkowski,saucer,0,0,0,0,0,80,80,0,0,-1,-1,1,0,-16,0.6399999999999997,0.6399999999999954,0,0,0,1,0,0,0,0,0,0,0,0,0,0,0,0,0,0,0,0,0,0,0,0,0,0,0,0,0,0,0,0,0,0.1,1.078506214484181e+20,1.078506214484182e+20,71842.94589129933,0,1.078506214484182e+20,0,0,0,0,0,0,0,0,0,0,0,0,0,0,0,0,0,0,0,0,0,1,0,0,1,,,,0,0,0,1,0,0,0,0,0,0,1,1,1,1,0,0,0,0
32,0.64,6.599999999999855,0,0,9.999999999999998,0,0,5.599999999999855,9.999999999999998,minkowski,saucer,0,0,0,0,0,80,80,0,0,-1,-1,1,0,-16,0.6599999999999997,0.659999999999995,0,0,0,1,0,0,0,0,0,0,0,0,0,0,0,0,0,0,0,0,0,0,0,0,0,0,0,0,0,0,0,0,0,0.1,1.078506214484181e+20,1.078506214484182e+20,71842.94589129933,0,1.078506214484182e+20,0,0,0,0,0,0,0,0,0,0,0,0,0,0,0,0,0,0,0,0,0,1,0,0,1,,,,0,0,0,1,0,0,0,0,0,0,1,1,1,1,0,0,0,0
33,0.66,6.799999999999848,0,0,9.999999999999998,0,0,5.799999999999848,9.999999999999996,minkowski,saucer,0,0,0,0,0,80,80,0,0,-1,-1,1,0,-16,0.6799999999999997,0.6799999999999947,0,0,0,1,0,0,0,0,0,0,0,0,0,0,0,0,0,0,0,0,0,0,0,0,0,0,0,0,0,0,0,0,0,0.1,1.078506214484181e+20,1.078506214484182e+20,71842.94589129933,0,1.078506214484182e+20,0,0,0,0,0,0,0,0,0,0,0,0,0,0,0,0,0,0,0,0,0,1,0,0,1,,,,0,0,0,1,0,0,0,0,0,0,1,1,1,1,0,0,0,0
34,0.68,6.999999999999841,0,0,9.999999999999998,0,0,5.999999999999841,9.999999999999998,minkowski,saucer,0,0,0,0,0,80,80,0,0,-1,-1,1,0,-16,0.6999999999999997,0.6999999999999944,0,0,0,1,0,0,0,0,0,0,0,0,0,0,0,0,0,0,0,0,0,0,0,0,0,0,0,0,0,0,0,0,0,0.1,1.078506214484181e+20,1.078506214484182e+20,71842.94589129933,0,1.078506214484182e+20,0,0,0,0,0,0,0,0,0,0,0,0,0,0,0,0,0,0,0,0,0,1,0,0,1,,,,0,0,0,1,0,0,0,0,0,0,1,1,1,1,0,0,0,0
35,0.7000000000000001,7.199999999999834,0,0,9.999999999999998,0,0,6.199999999999834,9.999999999999998,minkowski,saucer,0,0,0,0,0,80,80,0,0,-1,-1,1,0,-16,0.7199999999999996,0.7199999999999941,0,0,0,1,0,0,0,0,0,0,0,0,0,0,0,0,0,0,0,0,0,0,0,0,0,0,0,0,0,0,0,0,0,0.1,1.078506214484181e+20,1.078506214484182e+20,71842.94589129933,0,1.078506214484182e+20,0,0,0,0,0,0,0,0,0,0,0,0,0,0,0,0,0,0,0,0,0,1,0,0,1,,,,0,0,0,1,0,0,0,0,0,0,1,1,1,1,0,0,0,0
36,0.72,7.399999999999827,0,0,9.999999999999998,0,0,6.399999999999827,9.999999999999996,minkowski,saucer,0,0,0,0,0,80,80,0,0,-1,-1,1,0,-16,0.7399999999999997,0.7399999999999938,0,0,0,1,0,0,0,0,0,0,0,0,0,0,0,0,0,0,0,0,0,0,0,0,0,0,0,0,0,0,0,0,0,0.1,1.078506214484181e+20,1.078506214484182e+20,71842.94589129933,0,1.078506214484182e+20,0,0,0,0,0,0,0,0,0,0,0,0,0,0,0,0,0,0,0,0,0,1,0,0,1,,,,0,0,0,1,0,0,0,0,0,0,1,1,1,1,0,0,0,0
37,0.74,7.59999999999982,0,0,9.999999999999998,0,0,6.59999999999982,9.999999999999996,minkowski,saucer,0,0,0,0,0,80,80,0,0,-1,-1,1,0,-16,0.7599999999999997,0.7599999999999935,0,0,0,1,0,0,0,0,0,0,0,0,0,0,0,0,0,0,0,0,0,0,0,0,0,0,0,0,0,0,0,0,0,0.1,1.078506214484181e+20,1.078506214484182e+20,71842.94589129933,0,1.078506214484182e+20,0,0,0,0,0,0,0,0,0,0,0,0,0,0,0,0,0,0,0,0,0,1,0,0,1,,,,0,0,0,1,0,0,0,0,0,0,1,1,1,1,0,0,0,0
38,0.76,7.799999999999813,0,0,9.999999999999998,0,0,6.799999999999813,9.999999999999998,minkowski,saucer,0,0,0,0,0,80,80,0,0,-1,-1,1,0,-16,0.7799999999999996,0.7799999999999931,0,0,0,1,0,0,0,0,0,0,0,0,0,0,0,0,0,0,0,0,0,0,0,0,0,0,0,0,0,0,0,0,0,0.1,1.078506214484181e+20,1.078506214484182e+20,71842.94589129933,0,1.078506214484182e+20,0,0,0,0,0,0,0,0,0,0,0,0,0,0,0,0,0,0,0,0,0,1,0,0,1,,,,0,0,0,1,0,0,0,0,0,0,1,1,1,1,0,0,0,0
39,0.78,7.999999999999806,0,0,9.999999999999998,0,0,6.999999999999806,9.999999999999998,minkowski,saucer,0,0,0,0,0,80,80,0,0,-1,-1,1,0,-16,0.7999999999999996,0.7999999999999928,0,0,0,1,0,0,0,0,0,0,0,0,0,0,0,0,0,0,0,0,0,0,0,0,0,0,0,0,0,0,0,0,0,0.1,1.078506214484181e+20,1.078506214484182e+20,71842.94589129933,0,1.078506214484182e+20,0,0,0,0,0,0,0,0,0,0,0,0,0,0,0,0,0,0,0,0,0,1,0,0,1,,,,0,0,0,1,0,0,0,0,0,0,1,1,1,1,0,0,0,0
40,0.8,8.1999999999998,0,0,9.999999999999998,0,0,7.1999999999998,9.999999999999998,minkowski,saucer,0,0,0,0,0,80,80,0,0,-1,-1,1,0,-16,0.8199999999999996,0.8199999999999925,0,0,0,1,0,0,0,0,0,0,0,0,0,0,0,0,0,0,0,0,0,0,0,0,0,0,0,0,0,0,0,0,0,0.1,1.078506214484181e+20,1.078506214484182e+20,71842.94589129933,0,1.078506214484182e+20,0,0,0,0,0,0,0,0,0,0,0,0,0,0,0,0,0,0,0,0,0,1,0,0,1,,,,0,0,0,1,0,0,0,0,0,0,1,1,1,1,0,0,0,0
41,0.8200000000000001,8.399999999999794,0,0,9.999999999999998,0,0,7.399999999999794,9.999999999999998,minkowski,saucer,0,0,0,0,0,80,80,0,0,-1,-1,1,0,-16,0.8399999999999996,0.8399999999999922,0,0,0,1,0,0,0,0,0,0,0,0,0,0,0,0,0,0,0,0,0,0,0,0,0,0,0,0,0,0,0,0,0,0.1,1.078506214484181e+20,1.078506214484182e+20,71842.94589129933,0,1.078506214484182e+20,0,0,0,0,0,0,0,0,0,0,0,0,0,0,0,0,0,0,0,0,0,1,0,0,1,,,,0,0,0,1,0,0,0,0,0,0,1,1,1,1,0,0,0,0
42,0.84,8.599999999999788,0,0,9.999999999999998,0,0,7.599999999999788,9.999999999999998,minkowski,saucer,0,0,0,0,0,80,80,0,0,-1,-1,1,0,-16,0.8599999999999995,0.8599999999999919,0,0,0,1,0,0,0,0,0,0,0,0,0,0,0,0,0,0,0,0,0,0,0,0,0,0,0,0,0,0,0,0,0,0.1,1.078506214484181e+20,1.078506214484182e+20,71842.94589129933,0,1.078506214484182e+20,0,0,0,0,0,0,0,0,0,0,0,0,0,0,0,0,0,0,0,0,0,1,0,0,1,,,,0,0,0,1,0,0,0,0,0,0,1,1,1,1,0,0,0,0
43,0.86,8.799999999999782,0,0,9.999999999999998,0,0,7.799999999999782,9.999999999999998,minkowski,saucer,0,0,0,0,0,80,80,0,0,-1,-1,1,0,-16,0.8799999999999996,0.8799999999999916,0,0,0,1,0,0,0,0,0,0,0,0,0,0,0,0,0,0,0,0,0,0,0,0,0,0,0,0,0,0,0,0,0,0.1,1.078506214484181e+20,1.078506214484182e+20,71842.94589129933,0,1.078506214484182e+20,0,0,0,0,0,0,0,0,0,0,0,0,0,0,0,0,0,0,0,0,0,1,0,0,1,,,,0,0,0,1,0,0,0,0,0,0,1,1,1,1,0,0,0,0
44,0.88,8.999999999999776,0,0,9.999999999999998,0,0,7.999999999999776,9.999999999999998,minkowski,saucer,0,0,0,0,0,80,80,0,0,-1,-1,1,0,-16,0.8999999999999996,0.8999999999999914,0,0,0,1,0,0,0,0,0,0,0,0,0,0,0,0,0,0,0,0,0,0,0,0,0,0,0,0,0,0,0,0,0,0.1,1.078506214484181e+20,1.078506214484182e+20,71842.94589129933,0,1.078506214484182e+20,0,0,0,0,0,0,0,0,0,0,0,0,0,0,0,0,0,0,0,0,0,1,0,0,1,,,,0,0,0,1,0,0,0,0,0,0,1,1,1,1,0,0,0,0
45,0.9,9.19999999999977,0,0,9.999999999999998,0,0,8.19999999999977,9.999999999999998,minkowski,saucer,0,0,0,0,0,80,80,0,0,-1,-1,1,0,-16,0.9199999999999996,0.9199999999999912,0,0,0,1,0,0,0,0,0,0,0,0,0,0,0,0,0,0,0,0,0,0,0,0,0,0,0,0,0,0,0,0,0,0.1,1.078506214484181e+20,1.078506214484182e+20,71842.94589129933,0,1.078506214484182e+20,0,0,0,0,0,0,0,0,0,0,0,0,0,0,0,0,0,0,0,0,0,1,0,0,1,,,,0,0,0,1,0,0,0,0,0,0,1,1,1,1,0,0,0,0
46,0.92,9.399999999999764,0,0,9.999999999999998,0,0,8.399999999999764,9.999999999999998,minkowski,saucer,0,0,0,0,0,80,80,0,0,-1,-1,1,0,-16,0.9399999999999997,0.939999999999991,0,0,0,1,0,0,0,0,0,0,0,0,0,0,0,0,0,0,0,0,0,0,0,0,0,0,0,0,0,0,0,0,0,0.1,1.078506214484181e+20,1.078506214484182e+20,71842.94589129933,0,1.078506214484182e+20,0,0,0,0,0,0,0,0,0,0,0,0,0,0,0,0,0,0,0,0,0,1,0,0,1,,,,0,0,0,1,0,0,0,0,0,0,1,1,1,1,0,0,0,0
47,0.9400000000000001,9.599999999999758,0,0,9.999999999999998,0,0,8.599999999999758,9.999999999999998,minkowski,saucer,0,0,0,0,0,80,80,0,0,-1,-1,1,0,-16,0.9599999999999999,0.9599999999999907,0,0,0,1,0,0,0,0,0,0,0,0,0,0,0,0,0,0,0,0,0,0,0,0,0,0,0,0,0,0,0,0,0,0.1,1.078506214484181e+20,1.078506214484182e+20,71842.94589129933,0,1.078506214484182e+20,0,0,0,0,0,0,0,0,0,0,0,0,0,0,0,0,0,0,0,0,0,1,0,0,1,,,,0,0,0,1,0,0,0,0,0,0,1,1,1,1,0,0,0,0
48,0.96,9.799999999999752,0,0,9.999999999999998,0,0,8.799999999999752,9.999999999999998,minkowski,saucer,0,0,0,0,0,80,80,0,0,-1,-1,1,0,-16,0.9799999999999999,0.9799999999999905,0,0,0,1,0,0,0,0,0,0,0,0,0,0,0,0,0,0,0,0,0,0,0,0,0,0,0,0,0,0,0,0,0,0.1,1.078506214484181e+20,1.078506214484182e+20,71842.94589129933,0,1.078506214484182e+20,0,0,0,0,0,0,0,0,0,0,0,0,0,0,0,0,0,0,0,0,0,1,0,0,1,,,,0,0,0,1,0,0,0,0,0,0,1,1,1,1,0,0,0,0
49,0.98,9.999999999999746,0,0,9.999999999999998,0,0,8.999999999999746,9.999999999999998,minkowski,saucer,0,0,0,0,0,80,80,0,0,-1,-1,1,0,-16,1,0.9999999999999903,0,0,0,1,0,0,0,0,0,0,0,0,0,0,0,0,0,0,0,0,0,0,0,0,0,0,0,0,0,0,0,0,0,0.1,1.078506214484181e+20,1.078506214484182e+20,71842.94589129933,0,1.078506214484182e+20,0,0,0,0,0,0,0,0,0,0,0,0,0,0,0,0,0,0,0,0,0,1,0,0,1,,,,0,0,0,1,0,0,0,0,0,0,1,1,1,1,0,0,0,0
50,1,10.19999999999974,0,0,9.999999999999998,0,0,9.19999999999974,9.999999999999998,minkowski,saucer,0,0,0,0,0,80,80,0,0,-1,-1,1,0,-16,1.02,1.01999999999999,0,0,0,1,0,0,0,0,0,0,0,0,0,0,0,0,0,0,0,0,0,0,0,0,0,0,0,0,0,0,0,0,0,0.1,1.078506214484181e+20,1.078506214484182e+20,71842.94589129933,0,1.078506214484182e+20,0,0,0,0,0,0,0,0,0,0,0,0,0,0,0,0,0,0,0,0,0,1,0,0,1,,,,0,0,0,1,0,0,0,0,0,0,1,1,1,1,0,0,0,0
51,1.02,10.39999999999973,0,0,9.999999999999998,0,0,9.399999999999734,9.999999999999998,minkowski,saucer,0,0,0,0,0,80,80,0,0,-1,-1,1,0,-16,1.04,1.03999999999999,0,0,0,1,0,0,0,0,0,0,0,0,0,0,0,0,0,0,0,0,0,0,0,0,0,0,0,0,0,0,0,0,0,0.1,1.078506214484181e+20,1.078506214484182e+20,71842.94589129933,0,1.078506214484182e+20,0,0,0,0,0,0,0,0,0,0,0,0,0,0,0,0,0,0,0,0,0,1,0,0,1,,,,0,0,0,1,0,0,0,0,0,0,1,1,1,1,0,0,0,0
52,1.04,10.59999999999973,0,0,9.999999999999998,0,0,9.599999999999728,9.999999999999998,minkowski,saucer,0,0,0,0,0,80,80,0,0,-1,-1,1,0,-16,1.06,1.05999999999999,0,0,0,1,0,0,0,0,0,0,0,0,0,0,0,0,0,0,0,0,0,0,0,0,0,0,0,0,0,0,0,0,0,0.1,1.078506214484181e+20,1.078506214484182e+20,71842.94589129933,0,1.078506214484182e+20,0,0,0,0,0,0,0,0,0,0,0,0,0,0,0,0,0,0,0,0,0,1,0,0,1,,,,0,0,0,1,0,0,0,0,0,0,1,1,1,1,0,0,0,0
53,1.06,10.79999999999972,0,0,9.999999999999998,0,0,9.799999999999722,9.999999999999998,minkowski,saucer,0,0,0,0,0,80,80,0,0,-1,-1,1,0,-16,1.08,1.07999999999999,0,0,0,1,0,0,0,0,0,0,0,0,0,0,0,0,0,0,0,0,0,0,0,0,0,0,0,0,0,0,0,0,0,0.1,1.078506214484181e+20,1.078506214484182e+20,71842.94589129933,0,1.078506214484182e+20,0,0,0,0,0,0,0,0,0,0,0,0,0,0,0,0,0,0,0,0,0,1,0,0,1,,,,0,0,0,1,0,0,0,0,0,0,1,1,1,1,0,0,0,0
54,1.08,10.99999999999972,0,0,9.999999999999998,0,0,9.999999999999716,9.999999999999998,minkowski,saucer,0,0,0,0,0,80,80,0,0,-1,-1,1,0,-16,1.100000000000001,1.099999999999989,0,0,0,1,0,0,0,0,0,0,0,0,0,0,0,0,0,0,0,0,0,0,0,0,0,0,0,0,0,0,0,0,0,0.1,1.078506214484181e+20,1.078506214484182e+20,71842.94589129933,0,1.078506214484182e+20,0,0,0,0,0,0,0,0,0,0,0,0,0,0,0,0,0,0,0,0,0,1,0,0,1,,,,0,0,0,1,0,0,0,0,0,0,1,1,1,1,0,0,0,0
55,1.1,11.19999999999971,0,0,9.999999999999998,0,0,10.19999999999971,9.999999999999998,minkowski,saucer,0,0,0,0,0,80,80,0,0,-1,-1,1,0,-16,1.120000000000001,1.119999999999989,0,0,0,1,0,0,0,0,0,0,0,0,0,0,0,0,0,0,0,0,0,0,0,0,0,0,0,0,0,0,0,0,0,0.1,1.078506214484181e+20,1.078506214484182e+20,71842.94589129933,0,1.078506214484182e+20,0,0,0,0,0,0,0,0,0,0,0,0,0,0,0,0,0,0,0,0,0,1,0,0,1,,,,0,0,0,1,0,0,0,0,0,0,1,1,1,1,0,0,0,0
56,1.12,11.3999999999997,0,0,9.999999999999998,0,0,10.3999999999997,9.999999999999998,minkowski,saucer,0,0,0,0,0,80,80,0,0,-1,-1,1,0,-16,1.140000000000001,1.139999999999989,0,0,0,1,0,0,0,0,0,0,0,0,0,0,0,0,0,0,0,0,0,0,0,0,0,0,0,0,0,0,0,0,0,0.1,1.078506214484181e+20,1.078506214484182e+20,71842.94589129933,0,1.078506214484182e+20,0,0,0,0,0,0,0,0,0,0,0,0,0,0,0,0,0,0,0,0,0,1,0,0,1,,,,0,0,0,1,0,0,0,0,0,0,1,1,1,1,0,0,0,0
57,1.14,11.5999999999997,0,0,9.999999999999998,0,0,10.5999999999997,9.999999999999996,minkowski,saucer,0,0,0,0,0,80,80,0,0,-1,-1,1,0,-16,1.160000000000001,1.159999999999989,0,0,0,1,0,0,0,0,0,0,0,0,0,0,0,0,0,0,0,0,0,0,0,0,0,0,0,0,0,0,0,0,0,0.1,1.078506214484181e+20,1.078506214484182e+20,71842.94589129933,0,1.078506214484182e+20,0,0,0,0,0,0,0,0,0,0,0,0,0,0,0,0,0,0,0,0,0,1,0,0,1,,,,0,0,0,1,0,0,0,0,0,0,1,1,1,1,0,0,0,0
58,1.16,11.79999999999969,0,0,9.999999999999998,0,0,10.79999999999969,9.999999999999998,minkowski,saucer,0,0,0,0,0,80,80,0,0,-1,-1,1,0,-16,1.180000000000001,1.179999999999989,0,0,0,1,0,0,0,0,0,0,0,0,0,0,0,0,0,0,0,0,0,0,0,0,0,0,0,0,0,0,0,0,0,0.1,1.078506214484181e+20,1.078506214484182e+20,71842.94589129933,0,1.078506214484182e+20,0,0,0,0,0,0,0,0,0,0,0,0,0,0,0,0,0,0,0,0,0,1,0,0,1,,,,0,0,0,1,0,0,0,0,0,0,1,1,1,1,0,0,0,0
59,1.18,11.99999999999969,0,0,9.999999999999998,0,0,10.99999999999969,9.999999999999998,minkowski,saucer,0,0,0,0,0,80,80,0,0,-1,-1,1,0,-16,1.200000000000001,1.199999999999988,0,0,0,1,0,0,0,0,0,0,0,0,0,0,0,0,0,0,0,0,0,0,0,0,0,0,0,0,0,0,0,0,0,0.1,1.078506214484181e+20,1.078506214484182e+20,71842.94589129933,0,1.078506214484182e+20,0,0,0,0,0,0,0,0,0,0,0,0,0,0,0,0,0,0,0,0,0,1,0,0,1,,,,0,0,0,1,0,0,0,0,0,0,1,1,1,1,0,0,0,0
60,1.2,12.19999999999968,0,0,9.999999999999998,0,0,11.19999999999968,9.999999999999998,minkowski,saucer,0,0,0,0,0,80,80,0,0,-1,-1,1,0,-16,1.220000000000001,1.219999999999988,0,0,0,1,0,0,0,0,0,0,0,0,0,0,0,0,0,0,0,0,0,0,0,0,0,0,0,0,0,0,0,0,0,0.1,1.078506214484181e+20,1.078506214484182e+20,71842.94589129933,0,1.078506214484182e+20,0,0,0,0,0,0,0,0,0,0,0,0,0,0,0,0,0,0,0,0,0,1,0,0,1,,,,0,0,0,1,0,0,0,0,0,0,1,1,1,1,0,0,0,0
61,1.22,12.39999999999967,0,0,9.999999999999998,0,0,11.39999999999967,9.999999999999998,minkowski,saucer,0,0,0,0,0,80,80,0,0,-1,-1,1,0,-16,1.240000000000001,1.239999999999988,0,0,0,1,0,0,0,0,0,0,0,0,0,0,0,0,0,0,0,0,0,0,0,0,0,0,0,0,0,0,0,0,0,0.1,1.078506214484181e+20,1.078506214484182e+20,71842.94589129933,0,1.078506214484182e+20,0,0,0,0,0,0,0,0,0,0,0,0,0,0,0,0,0,0,0,0,0,1,0,0,1,,,,0,0,0,1,0,0,0,0,0,0,1,1,1,1,0,0,0,0
62,1.24,12.59999999999967,0,0,9.999999999999998,0,0,11.59999999999967,9.999999999999998,minkowski,saucer,0,0,0,0,0,80,80,0,0,-1,-1,1,0,-16,1.260000000000001,1.259999999999988,0,0,0,1,0,0,0,0,0,0,0,0,0,0,0,0,0,0,0,0,0,0,0,0,0,0,0,0,0,0,0,0,0,0.1,1.078506214484181e+20,1.078506214484182e+20,71842.94589129933,0,1.078506214484182e+20,0,0,0,0,0,0,0,0,0,0,0,0,0,0,0,0,0,0,0,0,0,1,0,0,1,,,,0,0,0,1,0,0,0,0,0,0,1,1,1,1,0,0,0,0
63,1.26,12.79999999999966,0,0,9.999999999999998,0,0,11.79999999999966,9.999999999999998,minkowski,saucer,0,0,0,0,0,80,80,0,0,-1,-1,1,0,-16,1.280000000000001,1.279999999999988,0,0,0,1,0,0,0,0,0,0,0,0,0,0,0,0,0,0,0,0,0,0,0,0,0,0,0,0,0,0,0,0,0,0.1,1.078506214484181e+20,1.078506214484182e+20,71842.94589129933,0,1.078506214484182e+20,0,0,0,0,0,0,0,0,0,0,0,0,0,0,0,0,0,0,0,0,0,1,0,0,1,,,,0,0,0,1,0,0,0,0,0,0,1,1,1,1,0,0,0,0
64,1.28,12.99999999999966,0,0,9.999999999999998,0,0,11.99999999999966,9.999999999999998,minkowski,saucer,0,0,0,0,0,80,80,0,0,-1,-1,1,0,-16,1.300000000000001,1.299999999999987,0,0,0,1,0,0,0,0,0,0,0,0,0,0,0,0,0,0,0,0,0,0,0,0,0,0,0,0,0,0,0,0,0,0.1,1.078506214484181e+20,1.078506214484182e+20,71842.94589129933,0,1.078506214484182e+20,0,0,0,0,0,0,0,0,0,0,0,0,0,0,0,0,0,0,0,0,0,1,0,0,1,,,,0,0,0,1,0,0,0,0,0,0,1,1,1,1,0,0,0,0
65,1.3,13.19999999999965,0,0,9.999999999999998,0,0,12.19999999999965,9.999999999999998,minkowski,saucer,0,0,0,0,0,80,80,0,0,-1,-1,1,0,-16,1.320000000000001,1.319999999999987,0,0,0,1,0,0,0,0,0,0,0,0,0,0,0,0,0,0,0,0,0,0,0,0,0,0,0,0,0,0,0,0,0,0.1,1.078506214484181e+20,1.078506214484182e+20,71842.94589129933,0,1.078506214484182e+20,0,0,0,0,0,0,0,0,0,0,0,0,0,0,0,0,0,0,0,0,0,1,0,0,1,,,,0,0,0,1,0,0,0,0,0,0,1,1,1,1,0,0,0,0
66,1.32,13.39999999999964,0,0,9.999999999999998,0,0,12.39999999999964,9.999999999999998,minkowski,saucer,0,0,0,0,0,80,80,0,0,-1,-1,1,0,-16,1.340000000000001,1.339999999999987,0,0,0,1,0,0,0,0,0,0,0,0,0,0,0,0,0,0,0,0,0,0,0,0,0,0,0,0,0,0,0,0,0,0.1,1.078506214484181e+20,1.078506214484182e+20,71842.94589129933,0,1.078506214484182e+20,0,0,0,0,0,0,0,0,0,0,0,0,0,0,0,0,0,0,0,0,0,1,0,0,1,,,,0,0,0,1,0,0,0,0,0,0,1,1,1,1,0,0,0,0
67,1.34,13.59999999999964,0,0,9.999999999999998,0,0,12.59999999999964,9.999999999999998,minkowski,saucer,0,0,0,0,0,80,80,0,0,-1,-1,1,0,-16,1.360000000000002,1.359999999999987,0,0,0,1,0,0,0,0,0,0,0,0,0,0,0,0,0,0,0,0,0,0,0,0,0,0,0,0,0,0,0,0,0,0.1,1.078506214484181e+20,1.078506214484182e+20,71842.94589129933,0,1.078506214484182e+20,0,0,0,0,0,0,0,0,0,0,0,0,0,0,0,0,0,0,0,0,0,1,0,0,1,,,,0,0,0,1,0,0,0,0,0,0,1,1,1,1,0,0,0,0
68,1.36,13.79999999999963,0,0,9.999999999999998,0,0,12.79999999999963,9.999999999999996,minkowski,saucer,0,0,0,0,0,80,80,0,0,-1,-1,1,0,-16,1.380000000000002,1.379999999999987,0,0,0,1,0,0,0,0,0,0,0,0,0,0,0,0,0,0,0,0,0,0,0,0,0,0,0,0,0,0,0,0,0,0.1,1.078506214484181e+20,1.078506214484182e+20,71842.94589129933,0,1.078506214484182e+20,0,0,0,0,0,0,0,0,0,0,0,0,0,0,0,0,0,0,0,0,0,1,0,0,1,,,,0,0,0,1,0,0,0,0,0,0,1,1,1,1,0,0,0,0
69,1.38,13.99999999999963,0,0,9.999999999999998,0,0,12.99999999999963,9.999999999999998,minkowski,saucer,0,0,0,0,0,80,80,0,0,-1,-1,1,0,-16,1.400000000000002,1.399999999999986,0,0,0,1,0,0,0,0,0,0,0,0,0,0,0,0,0,0,0,0,0,0,0,0,0,0,0,0,0,0,0,0,0,0.1,1.078506214484181e+20,1.078506214484182e+20,71842.94589129933,0,1.078506214484182e+20,0,0,0,0,0,0,0,0,0,0,0,0,0,0,0,0,0,0,0,0,0,1,0,0,1,,,,0,0,0,1,0,0,0,0,0,0,1,1,1,1,0,0,0,0
70,1.4,14.19999999999962,0,0,9.999999999999998,0,0,13.19999999999962,9.999999999999998,minkowski,saucer,0,0,0,0,0,80,80,0,0,-1,-1,1,0,-16,1.420000000000002,1.419999999999986,0,0,0,1,0,0,0,0,0,0,0,0,0,0,0,0,0,0,0,0,0,0,0,0,0,0,0,0,0,0,0,0,0,0.1,1.078506214484181e+20,1.078506214484182e+20,71842.94589129933,0,1.078506214484182e+20,0,0,0,0,0,0,0,0,0,0,0,0,0,0,0,0,0,0,0,0,0,1,0,0,1,,,,0,0,0,1,0,0,0,0,0,0,1,1,1,1,0,0,0,0
71,1.42,14.39999999999961,0,0,9.999999999999998,0,0,13.39999999999961,9.999999999999998,minkowski,saucer,0,0,0,0,0,80,80,0,0,-1,-1,1,0,-16,1.440000000000002,1.439999999999986,0,0,0,1,0,0,0,0,0,0,0,0,0,0,0,0,0,0,0,0,0,0,0,0,0,0,0,0,0,0,0,0,0,0.1,1.078506214484181e+20,1.078506214484182e+20,71842.94589129933,0,1.078506214484182e+20,0,0,0,0,0,0,0,0,0,0,0,0,0,0,0,0,0,0,0,0,0,1,0,0,1,,,,0,0,0,1,0,0,0,0,0,0,1,1,1,1,0,0,0,0
72,1.44,14.59999999999961,0,0,9.999999999999998,0,0,13.59999999999961,9.999999999999998,minkowski,saucer,0,0,0,0,0,80,80,0,0,-1,-1,1,0,-16,1.460000000000002,1.459999999999986,0,0,0,1,0,0,0,0,0,0,0,0,0,0,0,0,0,0,0,0,0,0,0,0,0,0,0,0,0,0,0,0,0,0.1,1.078506214484181e+20,1.078506214484182e+20,71842.94589129933,0,1.078506214484182e+20,0,0,0,0,0,0,0,0,0,0,0,0,0,0,0,0,0,0,0,0,0,1,0,0,1,,,,0,0,0,1,0,0,0,0,0,0,1,1,1,1,0,0,0,0
73,1.46,14.7999999999996,0,0,9.999999999999998,0,0,13.7999999999996,9.999999999999998,minkowski,saucer,0,0,0,0,0,80,80,0,0,-1,-1,1,0,-16,1.480000000000002,1.479999999999986,0,0,0,1,0,0,0,0,0,0,0,0,0,0,0,0,0,0,0,0,0,0,0,0,0,0,0,0,0,0,0,0,0,0.1,1.078506214484181e+20,1.078506214484182e+20,71842.94589129933,0,1.078506214484182e+20,0,0,0,0,0,0,0,0,0,0,0,0,0,0,0,0,0,0,0,0,0,1,0,0,1,,,,0,0,0,1,0,0,0,0,0,0,1,1,1,1,0,0,0,0
74,1.48,14.99999999999959,0,0,9.999999999999998,0,0,13.99999999999959,9.999999999999998,minkowski,saucer,0,0,0,0,0,80,80,0,0,-1,-1,1,0,-16,1.500000000000002,1.499999999999985,0,0,0,1,0,0,0,0,0,0,0,0,0,0,0,0,0,0,0,0,0,0,0,0,0,0,0,0,0,0,0,0,0,0.1,1.078506214484181e+20,1.078506214484182e+20,71842.94589129933,0,1.078506214484182e+20,0,0,0,0,0,0,0,0,0,0,0,0,0,0,0,0,0,0,0,0,0,1,0,0,1,,,,0,0,0,1,0,0,0,0,0,0,1,1,1,1,0,0,0,0
75,1.5,15.19999999999959,0,0,9.999999999999998,0,0,14.19999999999959,9.999999999999996,minkowski,saucer,0,0,0,0,0,80,80,0,0,-1,-1,1,0,-16,1.520000000000002,1.519999999999985,0,0,0,1,0,0,0,0,0,0,0,0,0,0,0,0,0,0,0,0,0,0,0,0,0,0,0,0,0,0,0,0,0,0.1,1.078506214484181e+20,1.078506214484182e+20,71842.94589129933,0,1.078506214484182e+20,0,0,0,0,0,0,0,0,0,0,0,0,0,0,0,0,0,0,0,0,0,1,0,0,1,,,,0,0,0,1,0,0,0,0,0,0,1,1,1,1,0,0,0,0
76,1.52,15.39999999999958,0,0,9.999999999999998,0,0,14.39999999999958,9.999999999999998,minkowski,saucer,0,0,0,0,0,80,80,0,0,-1,-1,1,0,-16,1.540000000000002,1.539999999999985,0,0,0,1,0,0,0,0,0,0,0,0,0,0,0,0,0,0,0,0,0,0,0,0,0,0,0,0,0,0,0,0,0,0.1,1.078506214484181e+20,1.078506214484182e+20,71842.94589129933,0,1.078506214484182e+20,0,0,0,0,0,0,0,0,0,0,0,0,0,0,0,0,0,0,0,0,0,1,0,0,1,,,,0,0,0,1,0,0,0,0,0,0,1,1,1,1,0,0,0,0
77,1.54,15.59999999999958,0,0,9.999999999999998,0,0,14.59999999999958,9.999999999999998,minkowski,saucer,0,0,0,0,0,80,80,0,0,-1,-1,1,0,-16,1.560000000000002,1.559999999999985,0,0,0,1,0,0,0,0,0,0,0,0,0,0,0,0,0,0,0,0,0,0,0,0,0,0,0,0,0,0,0,0,0,0.1,1.078506214484181e+20,1.078506214484182e+20,71842.94589129933,0,1.078506214484182e+20,0,0,0,0,0,0,0,0,0,0,0,0,0,0,0,0,0,0,0,0,0,1,0,0,1,,,,0,0,0,1,0,0,0,0,0,0,1,1,1,1,0,0,0,0
78,1.56,15.79999999999957,0,0,9.999999999999998,0,0,14.79999999999957,9.999999999999998,minkowski,saucer,0,0,0,0,0,80,80,0,0,-1,-1,1,0,-16,1.580000000000003,1.579999999999985,0,0,0,1,0,0,0,0,0,0,0,0,0,0,0,0,0,0,0,0,0,0,0,0,0,0,0,0,0,0,0,0,0,0.1,1.078506214484181e+20,1.078506214484182e+20,71842.94589129933,0,1.078506214484182e+20,0,0,0,0,0,0,0,0,0,0,0,0,0,0,0,0,0,0,0,0,0,1,0,0,1,,,,0,0,0,1,0,0,0,0,0,0,1,1,1,1,0,0,0,0
79,1.58,15.99999999999956,0,0,9.999999999999998,0,0,14.99999999999956,9.999999999999998,minkowski,saucer,0,0,0,0,0,80,80,0,0,-1,-1,1,0,-16,1.600000000000003,1.599999999999984,0,0,0,1,0,0,0,0,0,0,0,0,0,0,0,0,0,0,0,0,0,0,0,0,0,0,0,0,0,0,0,0,0,0.1,1.078506214484181e+20,1.078506214484182e+20,71842.94589129933,0,1.078506214484182e+20,0,0,0,0,0,0,0,0,0,0,0,0,0,0,0,0,0,0,0,0,0,1,0,0,1,,,,0,0,0,1,0,0,0,0,0,0,1,1,1,1,0,0,0,0
80,1.6,16.19999999999959,0,0,9.999999999999998,0,0,15.19999999999959,9.999999999999998,minkowski,saucer,0,0,0,0,0,80,80,0,0,-1,-1,1,0,-16,1.620000000000003,1.619999999999984,0,0,0,1,0,0,0,0,0,0,0,0,0,0,0,0,0,0,0,0,0,0,0,0,0,0,0,0,0,0,0,0,0,0.1,1.078506214484181e+20,1.078506214484182e+20,71842.94589129933,0,1.078506214484182e+20,0,0,0,0,0,0,0,0,0,0,0,0,0,0,0,0,0,0,0,0,0,1,0,0,1,,,,0,0,0,1,0,0,0,0,0,0,1,1,1,1,0,0,0,0
81,1.62,16.39999999999962,0,0,9.999999999999998,0,0,15.39999999999962,9.999999999999998,minkowski,saucer,0,0,0,0,0,80,80,0,0,-1,-1,1,0,-16,1.640000000000003,1.639999999999984,0,0,0,1,0,0,0,0,0,0,0,0,0,0,0,0,0,0,0,0,0,0,0,0,0,0,0,0,0,0,0,0,0,0.1,1.078506214484181e+20,1.078506214484182e+20,71842.94589129933,0,1.078506214484182e+20,0,0,0,0,0,0,0,0,0,0,0,0,0,0,0,0,0,0,0,0,0,1,0,0,1,,,,0,0,0,1,0,0,0,0,0,0,1,1,1,1,0,0,0,0
82,1.64,16.59999999999965,0,0,9.999999999999998,0,0,15.59999999999965,9.999999999999998,minkowski,saucer,0,0,0,0,0,80,80,0,0,-1,-1,1,0,-16,1.660000000000003,1.659999999999984,0,0,0,1,0,0,0,0,0,0,0,0,0,0,0,0,0,0,0,0,0,0,0,0,0,0,0,0,0,0,0,0,0,0.1,1.078506214484181e+20,1.078506214484182e+20,71842.94589129933,0,1.078506214484182e+20,0,0,0,0,0,0,0,0,0,0,0,0,0,0,0,0,0,0,0,0,0,1,0,0,1,,,,0,0,0,1,0,0,0,0,0,0,1,1,1,1,0,0,0,0
83,1.66,16.79999999999967,0,0,9.999999999999998,0,0,15.79999999999967,9.999999999999998,minkowski,saucer,0,0,0,0,0,80,80,0,0,-1,-1,1,0,-16,1.680000000000003,1.679999999999984,0,0,0,1,0,0,0,0,0,0,0,0,0,0,0,0,0,0,0,0,0,0,0,0,0,0,0,0,0,0,0,0,0,0.1,1.078506214484181e+20,1.078506214484182e+20,71842.94589129933,0,1.078506214484182e+20,0,0,0,0,0,0,0,0,0,0,0,0,0,0,0,0,0,0,0,0,0,1,0,0,1,,,,0,0,0,1,0,0,0,0,0,0,1,1,1,1,0,0,0,0
84,1.68,16.9999999999997,0,0,9.999999999999998,0,0,15.9999999999997,9.999999999999998,minkowski,saucer,0,0,0,0,0,80,80,0,0,-1,-1,1,0,-16,1.700000000000003,1.699999999999983,0,0,0,1,0,0,0,0,0,0,0,0,0,0,0,0,0,0,0,0,0,0,0,0,0,0,0,0,0,0,0,0,0,0.1,1.078506214484181e+20,1.078506214484182e+20,71842.94589129933,0,1.078506214484182e+20,0,0,0,0,0,0,0,0,0,0,0,0,0,0,0,0,0,0,0,0,0,1,0,0,1,,,,0,0,0,1,0,0,0,0,0,0,1,1,1,1,0,0,0,0
85,1.7,17.19999999999973,0,0,9.999999999999998,0,0,16.19999999999973,9.999999999999998,minkowski,saucer,0,0,0,0,0,80,80,0,0,-1,-1,1,0,-16,1.720000000000003,1.719999999999983,0,0,0,1,0,0,0,0,0,0,0,0,0,0,0,0,0,0,0,0,0,0,0,0,0,0,0,0,0,0,0,0,0,0.1,1.078506214484181e+20,1.078506214484182e+20,71842.94589129933,0,1.078506214484182e+20,0,0,0,0,0,0,0,0,0,0,0,0,0,0,0,0,0,0,0,0,0,1,0,0,1,,,,0,0,0,1,0,0,0,0,0,0,1,1,1,1,0,0,0,0
86,1.72,17.39999999999976,0,0,9.999999999999998,0,0,16.39999999999976,9.999999999999998,minkowski,saucer,0,0,0,0,0,80,80,0,0,-1,-1,1,0,-16,1.740000000000003,1.739999999999983,0,0,0,1,0,0,0,0,0,0,0,0,0,0,0,0,0,0,0,0,0,0,0,0,0,0,0,0,0,0,0,0,0,0.1,1.078506214484181e+20,1.078506214484182e+20,71842.94589129933,0,1.078506214484182e+20,0,0,0,0,0,0,0,0,0,0,0,0,0,0,0,0,0,0,0,0,0,1,0,0,1,,,,0,0,0,1,0,0,0,0,0,0,1,1,1,1,0,0,0,0
87,1.74,17.59999999999978,0,0,9.999999999999998,0,0,16.59999999999978,9.999999999999998,minkowski,saucer,0,0,0,0,0,80,80,0,0,-1,-1,1,0,-16,1.760000000000003,1.759999999999983,0,0,0,1,0,0,0,0,0,0,0,0,0,0,0,0,0,0,0,0,0,0,0,0,0,0,0,0,0,0,0,0,0,0.1,1.078506214484181e+20,1.078506214484182e+20,71842.94589129933,0,1.078506214484182e+20,0,0,0,0,0,0,0,0,0,0,0,0,0,0,0,0,0,0,0,0,0,1,0,0,1,,,,0,0,0,1,0,0,0,0,0,0,1,1,1,1,0,0,0,0
88,1.76,17.79999999999981,0,0,9.999999999999998,0,0,16.79999999999981,9.999999999999998,minkowski,saucer,0,0,0,0,0,80,80,0,0,-1,-1,1,0,-16,1.780000000000003,1.779999999999982,0,0,0,1,0,0,0,0,0,0,0,0,0,0,0,0,0,0,0,0,0,0,0,0,0,0,0,0,0,0,0,0,0,0.1,1.078506214484181e+20,1.078506214484182e+20,71842.94589129933,0,1.078506214484182e+20,0,0,0,0,0,0,0,0,0,0,0,0,0,0,0,0,0,0,0,0,0,1,0,0,1,,,,0,0,0,1,0,0,0,0,0,0,1,1,1,1,0,0,0,0
89,1.78,17.99999999999986,0,0,9.999999999999998,0,0,16.99999999999986,9.999999999999998,minkowski,saucer,0,0,0,0,0,80,80,0,0,-1,-1,1,0,-16,1.800000000000004,1.799999999999984,0,0,0,1,0,0,0,0,0,0,0,0,0,0,0,0,0,0,0,0,0,0,0,0,0,0,0,0,0,0,0,0,0,0.1,1.078506214484181e+20,1.078506214484182e+20,71842.94589129933,0,1.078506214484182e+20,0,0,0,0,0,0,0,0,0,0,0,0,0,0,0,0,0,0,0,0,0,1,0,0,1,,,,0,0,0,1,0,0,0,0,0,0,1,1,1,1,0,0,0,0
90,1.8,18.19999999999992,0,0,9.999999999999998,0,0,17.19999999999992,9.999999999999998,minkowski,saucer,0,0,0,0,0,80,80,0,0,-1,-1,1,0,-16,1.820000000000003,1.819999999999988,0,0,0,1,0,0,0,0,0,0,0,0,0,0,0,0,0,0,0,0,0,0,0,0,0,0,0,0,0,0,0,0,0,0.1,1.078506214484181e+20,1.078506214484182e+20,71842.94589129933,0,1.078506214484182e+20,0,0,0,0,0,0,0,0,0,0,0,0,0,0,0,0,0,0,0,0,0,1,0,0,1,,,,0,0,0,1,0,0,0,0,0,0,1,1,1,1,0,0,0,0
91,1.82,18.39999999999999,0,0,9.999999999999998,0,0,17.39999999999999,9.999999999999998,minkowski,saucer,0,0,0,0,0,80,80,0,0,-1,-1,1,0,-16,1.840000000000003,1.839999999999991,0,0,0,1,0,0,0,0,0,0,0,0,0,0,0,0,0,0,0,0,0,0,0,0,0,0,0,0,0,0,0,0,0,0.1,1.078506214484181e+20,1.078506214484182e+20,71842.94589129933,0,1.078506214484182e+20,0,0,0,0,0,0,0,0,0,0,0,0,0,0,0,0,0,0,0,0,0,1,0,0,1,,,,0,0,0,1,0,0,0,0,0,0,1,1,1,1,0,0,0,0
92,1.84,18.60000000000006,0,0,9.999999999999998,0,0,17.60000000000006,9.999999999999998,minkowski,saucer,0,0,0,0,0,80,80,0,0,-1,-1,1,0,-16,1.860000000000003,1.859999999999995,0,0,0,1,0,0,0,0,0,0,0,0,0,0,0,0,0,0,0,0,0,0,0,0,0,0,0,0,0,0,0,0,0,0.1,1.078506214484181e+20,1.078506214484182e+20,71842.94589129933,0,1.078506214484182e+20,0,0,0,0,0,0,0,0,0,0,0,0,0,0,0,0,0,0,0,0,0,1,0,0,1,,,,0,0,0,1,0,0,0,0,0,0,1,1,1,1,0,0,0,0
93,1.86,18.80000000000013,0,0,9.999999999999998,0,0,17.80000000000013,9.999999999999998,minkowski,saucer,0,0,0,0,0,80,80,0,0,-1,-1,1,0,-16,1.880000000000003,1.879999999999998,0,0,0,1,0,0,0,0,0,0,0,0,0,0,0,0,0,0,0,0,0,0,0,0,0,0,0,0,0,0,0,0,0,0.1,1.078506214484181e+20,1.078506214484182e+20,71842.94589129933,0,1.078506214484182e+20,0,0,0,0,0,0,0,0,0,0,0,0,0,0,0,0,0,0,0,0,0,1,0,0,1,,,,0,0,0,1,0,0,0,0,0,0,1,1,1,1,0,0,0,0
94,1.88,19.00000000000019,0,0,9.999999999999998,0,0,18.00000000000019,9.999999999999998,minkowski,saucer,0,0,0,0,0,80,80,0,0,-1,-1,1,0,-16,1.900000000000003,1.900000000000002,0,0,0,1,0,0,0,0,0,0,0,0,0,0,0,0,0,0,0,0,0,0,0,0,0,0,0,0,0,0,0,0,0,0.1,1.078506214484181e+20,1.078506214484182e+20,71842.94589129933,0,1.078506214484182e+20,0,0,0,0,0,0,0,0,0,0,0,0,0,0,0,0,0,0,0,0,0,1,0,0,1,,,,0,0,0,1,0,0,0,0,0,0,1,1,1,1,0,0,0,0
95,1.9,19.20000000000026,0,0,9.999999999999998,0,0,18.20000000000026,9.999999999999998,minkowski,saucer,0,0,0,0,0,80,80,0,0,-1,-1,1,0,-16,1.920000000000003,1.920000000000005,0,0,0,1,0,0,0,0,0,0,0,0,0,0,0,0,0,0,0,0,0,0,0,0,0,0,0,0,0,0,0,0,0,0.1,1.078506214484181e+20,1.078506214484182e+20,71842.94589129933,0,1.078506214484182e+20,0,0,0,0,0,0,0,0,0,0,0,0,0,0,0,0,0,0,0,0,0,1,0,0,1,,,,0,0,0,1,0,0,0,0,0,0,1,1,1,1,0,0,0,0
96,1.92,19.40000000000033,0,0,9.999999999999998,0,0,18.40000000000033,9.999999999999998,minkowski,saucer,0,0,0,0,0,80,80,0,0,-1,-1,1,0,-16,1.940000000000003,1.940000000000009,0,0,0,1,0,0,0,0,0,0,0,0,0,0,0,0,0,0,0,0,0,0,0,0,0,0,0,0,0,0,0,0,0,0.1,1.078506214484181e+20,1.078506214484182e+20,71842.94589129933,0,1.078506214484182e+20,0,0,0,0,0,0,0,0,0,0,0,0,0,0,0,0,0,0,0,0,0,1,0,0,1,,,,0,0,0,1,0,0,0,0,0,0,1,1,1,1,0,0,0,0
97,1.94,19.60000000000039,0,0,9.999999999999998,0,0,18.60000000000039,9.999999999999998,minkowski,saucer,0,0,0,0,0,80,80,0,0,-1,-1,1,0,-16,1.960000000000003,1.960000000000013,0,0,0,1,0,0,0,0,0,0,0,0,0,0,0,0,0,0,0,0,0,0,0,0,0,0,0,0,0,0,0,0,0,0.1,1.078506214484181e+20,1.078506214484182e+20,71842.94589129933,0,1.078506214484182e+20,0,0,0,0,0,0,0,0,0,0,0,0,0,0,0,0,0,0,0,0,0,1,0,0,1,,,,0,0,0,1,0,0,0,0,0,0,1,1,1,1,0,0,0,0
98,1.96,19.80000000000046,0,0,9.999999999999998,0,0,18.80000000000046,9.999999999999998,minkowski,saucer,0,0,0,0,0,80,80,0,0,-1,-1,1,0,-16,1.980000000000002,1.980000000000016,0,0,0,1,0,0,0,0,0,0,0,0,0,0,0,0,0,0,0,0,0,0,0,0,0,0,0,0,0,0,0,0,0,0.1,1.078506214484181e+20,1.078506214484182e+20,71842.94589129933,0,1.078506214484182e+20,0,0,0,0,0,0,0,0,0,0,0,0,0,0,0,0,0,0,0,0,0,1,0,0,1,,,,0,0,0,1,0,0,0,0,0,0,1,1,1,1,0,0,0,0
99,1.98,20.00000000000053,0,0,9.999999999999998,0,0,19.00000000000053,9.999999999999998,minkowski,saucer,0,0,0,0,0,80,80,0,0,-1,-1,1,0,-16,2.000000000000002,2.00000000000002,0,0,0,1,0,0,0,0,0,0,0,0,0,0,0,0,0,0,0,0,0,0,0,0,0,0,0,0,0,0,0,0,0,0.1,1.078506214484181e+20,1.078506214484182e+20,71842.94589129933,0,1.078506214484182e+20,0,0,0,0,0,0,0,0,0,0,0,0,0,0,0,0,0,0,0,0,0,1,0,0,1,,,,0,0,0,1,0,0,0,0,0,0,1,1,1,1,0,0,0,0
